Books title,Prices
The Psychology of Money,₹259.00
Atomic Habits: The life-changing million copy…,₹438.00
Ikigai: The Japanese secret to a long and…,₹299.00
DO EPIC SHIT,₹369.00
Word Power Made Easy,₹92.00
My First Library: Boxset of 10 Board Books for…,₹349.00
Rich Dad Poor Dad: What the Rich Teach…,₹291.00
Life's Amazing Secrets: How to Find Balance…,₹143.00
Grandma's Bag of Stories: Collection of 20+…,₹148.00
The Almanack Of Naval Ravikant: A Guide to…,₹203.00
The Subtle Art of Not Giving a F*ck: A…,₹274.00
Oswaal CBSE Question Bank Chapterwise…,₹843.00
The Power of Your Subconscious Mind,₹117.00
400 Days,₹152.00
The Alchemist,₹197.00
My First Book of Pencil Control : Practice…,₹89.00
It Ends With Us: A Novel,₹361.00
27 Years UPSC IAS/ IPS Prelims Topic-wise…,₹419.00
World’s Greatest Classics (Box Set of 4 Books),₹259.00
Attitude Is Everything: Change Your Attitude ...…,₹119.00
My First Mythology Tale (Illustrated) (Set of 5…,₹191.00
How to Win Friends and Influence People,₹76.00
Karma: A Yogi's Guide to Crafting Your…,₹142.00
Moral Story Books for Kids (Pack of 10 Books)…,₹235.00
World’s Greatest Books For Personal Growth…,₹279.00
Very First Sight Words Sentences Level 1,₹105.00
Eat That Frog!: 21 Great Ways to Stop…,₹146.00
The Intelligent Investor (English) Paperback –…,₹440.00
Quantitative Aptitude for Competitive…,₹467.00
Sapiens: A Brief History of Humankind,₹339.00
Grandparents' Bag of Stories,₹136.00
101 Panchatantra Stories for Children:…,₹128.00
The Richest Man in Babylon,₹99.00
The Power of Your Subconscious Mind,₹99.00
Deep Work: Rules for Focused Success in a…,₹248.00
Man's Search For Meaning: The classic tribute…,₹182.00
Picture Books Collection for Early Learning…,₹199.00
The Monk Who Sold His Ferrari,₹148.00
Brain Games for Clever Kids: Puzzles to…,₹126.00
Who Will Cry When You Die?,₹133.00
Writing Practice Boxset: Pack of 4 Books…,₹159.00
Educart TERM 2 CBSE Question Bank…,₹602.00
Colour With Crayons Book 1 for Kids Age 1 -6…,₹42.00
Rich Dad Poor Dad - 20Th Anniversary…,₹188.00
General Knowledge 2022,₹119.00
The Blue Umbrella,₹54.00
General Knowledge,₹160.00
Encyclopedia: Amazing Questions & Answers…,₹120.00
"India that is Bharat: Coloniality, Civilisation,…",₹484.00
Manorama English Yearbook 2022,₹294.00
